peptide,copies,amidated,disulfide_bonds,mz_min,mz_max,match_tol_ppm,min_obs_rel_int,rel_intensity_cutoff,frag_id,ion_type,series,frag_len,charge,H2O,NH3,CO,CO2,2H2O,2NH3,%H,%2H,obs_idx,obs_mz,obs_int,obs_rel_int,anchor_theory_mz,anchor_ppm,css,rawcos,cos0,w0,w_plusH,w_plus2H,w_minusH,w_minus2H,label
KCNTATCATQRLANFLVHSGNNFGAILSSTNVGSNTY,2,True,2,,,20.0,0.02,0.01,c3,c,c,3,1,0,0,0,0,0,0,0.0,0.0,171,363.177,57.52,1.0,363.180901,-10.74120359645463,0.9977880800527118,0.5767523995034943,0.5767523995034943,1.0,0.0,0.0,0.0,0.0,c3^1+ | -10.7 ppm | css=0.998
KCNTATCATQRLANFLVHSGNNFGAILSSTNVGSNTY,2,True,2,,,20.0,0.02,0.01,b8-H2O,b,b,8,1,1,0,0,0,0,0,0.0,0.0,936,775.3278,16.67,0.28981223922114047,775.322556,6.76363657871129,0.9970966672372935,0.9970966672372935,0.9970966672372935,1.0,0.0,0.0,0.0,0.0,b8-H2O^1+ | 6.8 ppm | css=0.997
KCNTATCATQRLANFLVHSGNNFGAILSSTNVGSNTY,2,True,2,,,20.0,0.02,0.01,c9-CO2,c,c,9,1,0,0,0,1,0,0,0.0,100.0,1020,865.3998,6.0,0.1043115438108484,865.402966,-3.658411311667144,0.9795130965752671,0.8725918457980193,0.0,0.0,0.0,0.0,0.0,1.0,c9-CO2^1+ | -3.7 ppm | css=0.980 | %H=0 | %2H=100 | -mix
KCNTATCATQRLANFLVHSGNNFGAILSSTNVGSNTY,2,True,2,,,20.0,0.02,0.01,c7,c,c,7,1,0,0,0,0,0,0,0.0,100.0,865,737.3016,30.62,0.532336578581363,737.308003,-8.68429472340545,0.9549594685082188,0.8391262779348392,0.1517677577689472,0.0,0.0,0.0,0.0,1.0,c7^1+ | -8.7 ppm | css=0.955 | %H=0 | %2H=100 | -mix
KCNTATCATQRLANFLVHSGNNFGAILSSTNVGSNTY,2,True,2,,,20.0,0.02,0.01,z9-NH3,z,z,9,1,0,1,0,0,0,0,0.0,100.0,1077,909.3831,18.75,0.32597357440890123,909.393755,-11.716596844281707,0.9363933605772136,0.48350839566621817,0.0970626387126873,0.0,0.0,1.0,0.0,0.0,z9-NH3^1+ | -11.7 ppm | css=0.936 | %H=0 | %2H=100 | +mix
KCNTATCATQRLANFLVHSGNNFGAILSSTNVGSNTY,2,True,2,,,20.0,0.02,0.01,c8-2NH3,c,c,8,1,0,0,0,0,0,1,100.0,0.0,935,775.3132,7.0,0.12169680111265646,775.299295,17.935009214760708,0.9223881951759797,0.41586639018062826,0.2875729411526422,0.0,0.0,0.0,1.0,0.0,c8-2NH3^1+ | 17.9 ppm | css=0.922 | %H=100 | %2H=0 | -mix
KCNTATCATQRLANFLVHSGNNFGAILSSTNVGSNTY,2,True,2,,,20.0,0.02,0.01,z36-CO2,z,z,36,2,0,0,0,1,0,0,0.0,100.0,16493,1842.8837,33.92,0.5897079276773296,1842.881949,0.9501422491891457,0.9162200861886889,0.5810972345459672,0.18661130933844072,0.0,0.0,0.0,0.0,1.0,z36-CO2^2+ | 1.0 ppm | css=0.916 | %H=0 | %2H=100 | -mix
KCNTATCATQRLANFLVHSGNNFGAILSSTNVGSNTY,2,True,2,,,20.0,0.02,0.01,b25-2H2O,b,b,25,1,0,0,0,0,1,0,0.0,0.0,25907,2585.2424,26.0,0.4520166898470097,2585.232906,3.6723963933268102,0.8866647933405633,0.8785665367694332,0.8785665367694332,1.0,0.0,0.0,0.0,0.0,b25-2H2O^1+ | 3.7 ppm | css=0.887
KCNTATCATQRLANFLVHSGNNFGAILSSTNVGSNTY,2,True,2,,,20.0,0.02,0.01,z25-H2O,z,z,25,1,1,0,0,0,0,0,0.0,0.0,25455,2549.2227,6.968,0.1211404728789986,2549.224826,-0.8339790114364389,0.8835885852918945,0.3851833741373817,0.3851833741373817,1.0,0.0,0.0,0.0,0.0,z25-H2O^1+ | -0.8 ppm | css=0.884
KCNTATCATQRLANFLVHSGNNFGAILSSTNVGSNTY,2,True,2,,,20.0,0.02,0.01,z35-NH3,z,z,35,2,0,1,0,0,0,0,25.456764318609437,32.719364264284856,16009,1805.8597,7.0,0.12169680111265646,1805.866273,-3.6398043965887474,0.8835693674967546,0.6063996831987858,0.3600005759567125,0.41823871417105707,0.2545676431860944,0.32719364264284856,0.0,0.0,z35-NH3^2+ | -3.6 ppm | css=0.884 | %H=25 | %2H=33 | +mix
KCNTATCATQRLANFLVHSGNNFGAILSSTNVGSNTY,2,True,2,,,20.0,0.02,0.01,b36-NH3,b,b,36,3,0,1,0,0,0,0,0.0,0.0,2179,1226.9374,8.143,0.1415681502086231,1226.926881,8.57345304176371,0.8829813681584234,0.7834440136122178,0.7834440136122178,1.0,0.0,0.0,0.0,0.0,b36-NH3^3+ | 8.6 ppm | css=0.883
KCNTATCATQRLANFLVHSGNNFGAILSSTNVGSNTY,2,True,2,,,20.0,0.02,0.01,z31-CO,z,z,31,1,0,0,1,0,0,0,42.938223323938765,57.061776676061235,26507,2879.354,2.688,0.046731571627260084,2879.391091,-12.88154294707647,0.8689148559734867,0.5953719133968008,0.21850036307038023,0.0,0.0,0.0,0.4293822332393876,0.5706177667606124,z31-CO^1+ | -12.9 ppm | css=0.869 | %H=43 | %2H=57 | -mix
KCNTATCATQRLANFLVHSGNNFGAILSSTNVGSNTY,2,True,2,,,20.0,0.02,0.01,z34,z,z,34,2,0,0,0,0,0,0,38.09694982204375,28.347783082155914,15149,1756.8489,4.58,0.07962447844228095,1756.854446,-3.1567783049540483,0.8632581000073096,0.6039724384665036,0.35103490791504455,0.3355526709580034,0.0,0.0,0.38096949822043746,0.28347783082155914,z34^2+ | -3.2 ppm | css=0.863 | %H=38 | %2H=28 | -mix
KCNTATCATQRLANFLVHSGNNFGAILSSTNVGSNTY,2,True,2,,,20.0,0.02,0.01,c25,c,c,25,1,0,0,0,0,0,0,0.0,100.0,26185,2640.2988,8.0,0.13908205841446453,2640.295137,1.3873449027075369,0.8559421214821871,0.3783113382879746,0.1478781016015583,0.0,0.0,1.0,0.0,0.0,c25^1+ | 1.4 ppm | css=0.856 | %H=0 | %2H=100 | +mix
KCNTATCATQRLANFLVHSGNNFGAILSSTNVGSNTY,2,True,2,,,20.0,0.02,0.01,c5-NH3,c,c,5,1,0,1,0,0,0,0,0.0,100.0,467,516.2197,7.074,0.12298331015299026,516.224591,-9.47455833238924,0.852782946041805,0.6407181651656196,0.0,0.0,0.0,0.0,0.0,1.0,c5-NH3^1+ | -9.5 ppm | css=0.853 | %H=0 | %2H=100 | -mix
KCNTATCATQRLANFLVHSGNNFGAILSSTNVGSNTY,2,True,2,,,20.0,0.02,0.01,b24,b,b,24,1,0,0,0,0,0,0,0.0,0.0,25461,2550.2039,12.13,0.21088317107093185,2550.216922,-5.106232292537424,0.8512529433526236,0.7888557607384232,0.7888557607384232,1.0,0.0,0.0,0.0,0.0,b24^1+ | -5.1 ppm | css=0.851
KCNTATCATQRLANFLVHSGNNFGAILSSTNVGSNTY,2,True,2,,,20.0,0.02,0.01,y23,y,y,23,2,0,0,0,0,0,0,0.0,0.0,2009,1200.0787,3.857,0.06705493741307371,1200.094588,-13.238956461242223,0.8357059819838907,0.840028634116285,0.840028634116285,1.0,0.0,0.0,0.0,0.0,y23^2+ | -13.2 ppm | css=0.836
KCNTATCATQRLANFLVHSGNNFGAILSSTNVGSNTY,2,True,2,,,20.0,0.02,0.01,c10,c,c,10,1,0,0,0,0,0,0,100.0,0.0,1339,1038.468,29.0,0.5041724617524339,1038.45865,9.003728747447365,0.8234744180003888,0.6568546075788781,0.26903876040179653,0.0,0.0,0.0,1.0,0.0,c10^1+ | 9.0 ppm | css=0.823 | %H=100 | %2H=0 | -mix
KCNTATCATQRLANFLVHSGNNFGAILSSTNVGSNTY,2,True,2,,,20.0,0.02,0.01,c31-CO2,c,c,31,3,0,0,0,1,0,0,18.5660415159574,48.31970381543517,1435,1069.8892,2.0,0.03477051460361613,1069.871182,16.84127986913443,0.8020051851871536,0.41714898983168897,0.250756165964682,0.3311425466860743,0.0,0.0,0.18566041515957402,0.48319703815435167,c31-CO2^3+ | 16.8 ppm | css=0.802 | %H=19 | %2H=48 | -mix
KCNTATCATQRLANFLVHSGNNFGAILSSTNVGSNTY,2,True,2,,,20.0,0.02,0.01,c25-H2O,c,c,25,1,1,0,0,0,0,0,46.84338334426907,0.0,26120,2620.2524,5.29,0.09196801112656466,2620.27002,-6.724497805794464,0.7887327873711157,0.5019682905766014,0.35877413715322737,0.5315661665573093,0.0,0.0,0.46843383344269074,0.0,c25-H2O^1+ | -6.7 ppm | css=0.789 | %H=47 | %2H=0 | -mix
KCNTATCATQRLANFLVHSGNNFGAILSSTNVGSNTY,2,True,2,,,20.0,0.02,0.01,z36-H2O,z,z,36,2,1,0,0,0,0,0,43.846928936335686,0.0,16651,1856.8624,7.0,0.12169680111265646,1856.878858,-8.863259942430195,0.7649785826200529,0.47857985248478985,0.3437720786065687,0.5615307106366432,0.43846928936335683,0.0,0.0,0.0,z36-H2O^2+ | -8.9 ppm | css=0.765 | %H=44 | %2H=0 | +mix
